<?xml version="1.0" encoding="UTF-8" standalone="yes"?>
<addon id="plugin.video.nfbca"
       name="nfb.ca"
       version="0.0.990e"
       provider-name="Jbinkley60">
  <requires>
        <import addon="xbmc.python" version="3.0.0"/>
  </requires>
  <extension point="xbmc.python.pluginsource"
            library="default.py">
        <provides>video</provides>
  </extension>
  <extension point="xbmc.addon.metadata">
        <platform>all</platform>
        <license>GPL-2.0-or-later</license>
        <source>https://github.com/jbinkley60/plugin.video.nfbca</source>
        <assets>
        <icon>resources/icon.png</icon>
        <fanart>resources/fanart.jpg</fanart>
        </assets>
    <summary lang="en_GB">nfb.ca</summary>
    <description lang="en_GB">Media from nfb.ca website.</description>
    <platform>all</platform>
  </extension>
</addon>
