<?xml version="1.0" encoding="UTF-8" standalone="yes"?>
<addon id="plugin.audio.overdrive" name="Overdrive" version="0.0.1" providername="Lullius">

    <requires>
        <import addon="xbmc.python" version="3.0.0"/>
        <import addon="script.module.routing" version="0.2.3+matrix.1"/>
        <import addon="script.module.xmltodict" version="0.12.0+matrix.2"/>
        <import addon="script.module.requests" version="2.25.1+matrix.1"/>
    </requires>

    <extension point="xbmc.python.pluginsource" library="main.py">
        <provides>audio</provides>
    </extension>

    <extension point="xbmc.addon.metadata">
        <platform>all</platform>
        <summary lang="en">Audiobooks from Overdrive</summary>
        <description lang="en">Listen to audiobooks from Overdrive in Kodi</description>
        <license>GPLv3</license>
        <language></language>
        <forum></forum>
        <source></source>
        <email></email>
        <assets>
            <icon>resources/icon.png</icon>
        </assets>
    </extension>
</addon>