<?xml version="1.0" encoding="UTF-8" standalone="yes"?>
<addon id="plugin.video.livgolf" version="0.0.1" name="LIV Golf" provider-name="Nirvana">
    <requires>
        <import addon="xbmc.python" version="3.0.0"/>
        <import addon="script.module.inputstreamhelper" version="0.5.0"/>
        <import addon="script.common.plugin.cache" version="2.6.1.1"/>
        <import addon="script.module.requests" version="2.12.4"/>
        <import addon="script.module.dateutil" version="2.7.3" />
        <import addon="script.module.mechanize" version="0.4.3" />
        <import addon="script.module.routing" version="0.2.0"/>
        <import addon="script.module.htmlement" version="1.0.0"/>
    </requires>
    <extension point="xbmc.python.pluginsource" library="main.py">
        <provides>video</provides>
    </extension>
    <extension point="xbmc.addon.metadata">
        <reuselanguageinvoker>true</reuselanguageinvoker>
        <news>
            - Version 0.0.1: Initial release
        </news>
        <assets>
            <icon>resources/icon.png</icon>
            <fanart>resources/fanart.jpg</fanart>
            <screenshot>resources/media/screenshot-01.jpg</screenshot>
            <screenshot>resources/media/screenshot-02.jpg</screenshot>
            <screenshot>resources/media/screenshot-03.jpg</screenshot>
            <screenshot>resources/media/screenshot-04.jpg</screenshot>
        </assets>
        <summary lang="de_DE">LIV Golf Live-Übertragung, Turnierwiederholungen, Höhepunkte und Berichte
        </summary>
        <description lang="de_DE">GOLF, BUT LOUDER
        </description>
        <disclaimer lang="de_DE">Inoffizielles Addon - Benutzung auf eigene Gefahr</disclaimer>
        <summary lang="gb_GB">LIV Golf live coverage, tournament replay, highlights and features
        </summary>
        <description lang="gb_GB">GOLF, BUT LOUDER
        </description>
        <disclaimer lang="gb_GB">Unofficial Addon - Use on own risk</disclaimer>
        <platform>all</platform>
        <license>GNU GENERAL PUBLIC LICENSE. Version 3, 29 June 2007</license>
        <website>https://www.livgolf.com</website>
        <source>https://github.com/nirvana-7777/plugin.video.livgolf</source>
        <forum>https://www.kodinerds.net/index.php/Thread/75325-Release-LIV-Golf-Live-Coverage-Tournament-Replay-Highlights/</forum>
    </extension>
</addon>
